snps,gene,coef.set3,se.set3,coef.set4,se.set4,coef.fe,se.fe,p.fe,q.fe,het.p.fe,i2.fe,h2.fe,adjP
rs6964969,cg12431065,-0.0204366652894315,0.000626909278744441,-0.0152592267893788,0.000734893940988536,-0.0182559275479947,0.000476945672084092,0,28.7282382040929,8.32804924684134e-08,96.5191043290029,28.7282382040929,0
rs7090445,cg13344587,0.0520717487807011,0.00157116853723101,0.0455939774175506,0.00191423911383556,0.0494643554095281,0.00121446962416487,0,6.84205600650057,0.00890363061049955,85.3845101669745,6.84205600650057,0
rs11951091,cg06647332,0.00474558732865263,0.000963612222487768,0.00463683018216551,0.000819431955436513,0.00468247157960515,0.000624241826131656,6.33067537450257e-14,0.00739249339315984,0.931482625791123,0,0.00739249339315984,5.14472885434576e-11
rs11951091,cg06307176,0.0114144081628266,0.00261428628760807,0.0135898578418265,0.00274369070755705,0.012449622756075,0.0018926740348398,4.77474282101479e-11,0.329513443440191,0.565945730746544,0,0.329513443440191,2.91020574940852e-08
rs9376090,cg25722431,-0.00379671403234585,0.00178960086219663,-0.00533013959015031,0.00138199657214102,-0.00475729604728455,0.00109381240049476,1.36585428179478e-05,0.45992263924233,0.497660130042778,0,0.45992263924233,0.00665990547803134
rs76833843,cg13929213,-0.00699804252489106,0.00154934627857304,-0.000735276840087987,0.00225670096705287,-0.00499173555463948,0.00127729033021045,9.30376996037718e-05,5.23439579741258,0.0221444988202938,80.895598294376,5.23439579741258,0.0378043186056659
