snps,gene,coef.set2,se.set2,coef.set3,se.set3,coef.set4,se.set4,coef.fe,se.fe,p.fe,q.fe,het.p.fe,i2.fe,h2.fe,adjP
rs7090445,cg13344587,0.0472349826992503,0.00229680969994334,0.0520717487807011,0.00157116853723101,0.0455939774175506,0.00191423911383556,0.0489772367469244,0.00107362114818609,0,7.57833792550019,0.0226143874426261,73.6089889410943,3.7891689627501,0
rs6421315,cg01139861,0.0456756893109596,0.00297202666525487,0.0547799747263243,0.00254806562843408,0.05489537439367,0.00245508282007645,0.0524445389130875,0.00151944577982391,4.68489737512043e-261,7.02370784145587,0.0298415392739921,71.5250115018246,3.51185392072793,2.37055807181094e-258
